Timestamp,Symbol,Side,Quantity,FilledPrice,FilledValue,OrderId,Status
2026-01-08 14:32:03,SQQQ,Buy,454,66.063546,29992.849884,7beb6a3e-2382-4178-be70-c5ec0fcc8a45,Filled
2026-01-08 14:32:25,SQQQ,Sell,454,66.02,29973.08,2f754a46-ad9a-4c5d-be51-297d85b42fe8,Filled
2026-01-08 14:34:14,TQQQ,Buy,551,54.450926,30002.460226,79846fc0-e774-45be-a952-6a2376d72d05,Filled
2026-01-08 14:35:06,TQQQ,Sell,551,54.336098,29939.189998,40cae4e4-4371-4712-b918-5f93834427cd,Filled
2026-01-08 14:35:09,SQQQ,Buy,451,66.365831,29930.989781,1cba6860-3748-4574-97ec-8a531bf2f6e9,Filled
2026-01-08 14:37:02,SQQQ,Sell,451,66.369578,29932.679678,6b1f965e-8d69-4672-9e2f-858adfb4e39c,Filled
2026-01-08 14:37:03,TQQQ,Buy,551,54.37,29957.87,1b8ba4c7-1dbb-473d-95fb-f343cfd86ee3,Filled
2026-01-08 14:38:25,TQQQ,Sell,551,54.21,29869.71,a055fd23-4f14-41b7-882b-35fe2592199d,Filled
2026-01-08 14:38:47,SQQQ,Buy,449,66.55,29880.95,8f8c7f8c-5785-4c61-8076-da268a61fc06,Filled
2026-01-08 14:40:16,SQQQ,Sell,449,66.56,29885.44,959f315c-0e56-4b05-823a-0b38d973c8b8,Filled
2026-01-08 14:41:04,TQQQ,Buy,551,54.28,29908.28,dedf9ec1-50de-4d41-b163-d2d7c255b93a,Filled
2026-01-08 14:41:42,TQQQ,Sell,551,54.175607,29850.759457,293554e3-456b-4dcc-b0f3-ebc0f8900c02,Filled
2026-01-08 14:41:42,SQQQ,Buy,448,66.61,29841.28,e79da157-45d4-4771-947c-f4f4978e35dc,Filled
2026-01-08 14:43:42,SQQQ,Sell,448,66.896809,29969.770432,fa82ecbd-82c5-4b11-9ba1-0c5764d01d96,Filled
2026-01-08 14:49:11,TQQQ,Buy,555,54.05946,30003.00030,7a00d432-029d-485f-9d22-178177b3aa7e,Filled
2026-01-08 14:50:37,TQQQ,Sell,555,53.909604,29919.830220,f77bfce5-a72a-4bd8-a0d1-7281e75d2b87,Filled
2026-01-08 14:50:46,TQQQ,Buy,554,53.946642,29886.439668,cb557aff-5f3f-4af7-9f10-686a87077dcf,Filled
2026-01-08 14:52:33,TQQQ,Sell,554,54.009657,29921.349978,30fff002-bcad-41fd-bf88-396851a111da,Filled
2026-01-08 14:52:34,SQQQ,Buy,448,66.82,29935.36,36c25112-9d33-42de-a363-76de3fd8b2ce,Filled
2026-01-08 14:53:56,SQQQ,Sell,448,66.84,29944.32,89a7bb81-dd74-4025-a38d-0485955a4676,Filled
2026-01-08 14:55:02,SQQQ,Buy,449,66.860445,30020.339805,3a5c9260-0806-43c3-a405-bd851e4913db,Filled
2026-01-08 14:58:02,SQQQ,Sell,449,66.99,30078.51,163dbe7a-c72b-4b6e-9c04-6e113bbc8003,Filled
2026-01-08 14:58:06,TQQQ,Buy,558,53.907778,30080.540124,e43cc0e6-b6df-4a05-97b6-3c1175b200a7,Filled
2026-01-08 14:59:07,TQQQ,Sell,558,53.799444,30020.089752,d302388f-d82c-4b0b-b11a-10c6629a6cdd,Filled
2026-01-08 14:59:09,SQQQ,Buy,448,67.09,30056.32,f6707935-591a-4ea4-8cb5-a34032aa0e86,Filled
2026-01-08 15:02:01,SQQQ,Sell,448,67.317857,30158.399936,142e42a4-3d7c-44f1-979d-9a71fe26e8fd,Filled
2026-01-08 15:02:02,TQQQ,Buy,562,53.55,30095.10,bbd6a9ff-18a7-4432-bf36-386744144151,Filled
2026-01-08 15:02:10,TQQQ,Sell,562,53.520355,30078.439510,e1ca0742-85c3-4f40-aaba-481f03efefbd,Filled
2026-01-08 15:02:11,SQQQ,Buy,446,67.39,30055.94,e50bcedc-e5b0-4e9c-9f61-79e945cc8905,Filled
2026-01-08 15:02:37,SQQQ,Sell,446,67.265561,30000.440206,9ec7da8b-e94e-40fe-a686-3016e680dded,Filled
2026-01-08 15:02:38,TQQQ,Buy,561,53.65,30097.65,c4749d78-4677-46b2-8c5d-495a8b0a0124,Filled
2026-01-08 15:03:26,TQQQ,Sell,561,53.55,30041.55,46ee2d95-3c7c-4789-88d2-f8bddd2954af,Filled
2026-01-08 15:03:28,SQQQ,Buy,446,67.37935,30051.19010,3ff86c7a-ee30-46d8-a2b0-3e991c5565f3,Filled
2026-01-08 15:03:58,SQQQ,Sell,446,67.28,30006.88,2bbb1907-d42f-4ccd-9b81-c861c4b96c79,Filled
2026-01-08 15:04:01,TQQQ,Buy,560,53.608643,30020.840080,42c9785d-2a5b-43da-94df-6f124d11edd3,Filled
2026-01-08 15:06:36,TQQQ,Sell,560,53.868821,30166.539760,caee4669-58a8-4856-a66d-eba57489ad80,Filled
2026-01-08 15:06:38,SQQQ,Buy,451,66.974923,30205.690273,8277c046-fcf9-4c7d-a24e-7246eb16ed54,Filled
2026-01-08 15:07:34,SQQQ,Sell,451,66.84,30144.84,a0616fee-dcda-4557-b475-b6d47036237b,Filled
2026-01-08 15:07:36,TQQQ,Buy,558,53.97,30115.26,7cb36752-4b72-416d-a7a9-a9f84ad950a2,Filled
2026-01-08 15:09:26,TQQQ,Sell,558,54.1,30187.8,5dfbeb3d-4f8d-4b50-b8fb-9af729bf0fba,Filled
2026-01-08 15:09:28,SQQQ,Buy,453,66.7,30215.1,a49c5497-0856-4f16-8467-64783285b292,Filled
2026-01-08 15:09:49,SQQQ,Sell,453,66.58,30160.74,f5770ac9-942e-40e9-92b2-5642f4fb01e6,Filled
2026-01-08 15:09:52,TQQQ,Buy,557,54.199659,30189.210063,68784a8a-3e04-466c-b10f-134e40b581f4,Filled
2026-01-08 15:10:48,TQQQ,Sell,557,54.152388,30162.880116,96dbd4da-b647-45a2-99de-fd6a36b78cb5,Filled
2026-01-08 15:10:56,SQQQ,Buy,452,66.620288,30112.370176,c4ae1369-aba9-458c-98e6-3e27fa35b30e,Filled
2026-01-08 15:12:13,SQQQ,Sell,452,66.63,30116.76,3ab8ea13-bdac-40eb-b589-0a119eede3b8,Filled
2026-01-08 15:12:14,TQQQ,Buy,556,54.164676,30115.559856,77b4cc18-6c44-4b16-a245-70b293b533f4,Filled
2026-01-08 15:13:22,TQQQ,Sell,556,54.15,30107.40,49c7cdb6-f5ec-4061-89a5-4d077a376371,Filled
2026-01-08 15:13:24,SQQQ,Buy,452,66.61,30107.72,fddd3722-cccd-472f-9ab1-d14819c8636d,Filled
2026-01-08 15:14:37,SQQQ,Sell,452,66.616394,30110.610088,1606a93a-dec2-4fec-a645-df494bd78b72,Filled
2026-01-08 15:14:40,TQQQ,Buy,556,54.17,30118.52,d03c0269-ac98-42b9-87aa-acbfa8304984,Filled
2026-01-08 15:15:51,TQQQ,Sell,556,54.16,30112.96,80363151-6ff8-453f-80bb-2cf37abad208,Filled
2026-01-08 15:16:03,TQQQ,Buy,556,54.2,30135.2,809fff94-34ab-4c30-9c9f-4bfa6a2c1322,Filled
2026-01-08 15:16:34,TQQQ,Sell,556,54.21,30140.76,278f04b1-6a7c-4474-b9c3-2b085d026b56,Filled
2026-01-08 15:16:37,SQQQ,Buy,452,66.563274,30086.599848,64852cc6-5a1a-4b20-8822-f057ab766fa3,Filled
2026-01-08 15:16:42,SQQQ,Sell,452,66.58,30094.16,6bf0af21-fed4-4c76-be92-76c693bb115b,Filled
2026-01-08 15:16:44,TQQQ,Buy,555,54.21,30086.55,cc54ac70-0de3-46fa-8c0a-6f74615d186e,Filled
2026-01-08 15:17:15,TQQQ,Sell,555,54.182469,30071.270295,b4d8fe92-e580-474c-9c99-f20fdf8ae77d,Filled
2026-01-08 15:17:18,SQQQ,Buy,452,66.576041,30092.370532,c322b8c1-c55b-4318-a202-644869452a41,Filled
2026-01-08 15:18:14,SQQQ,Sell,452,66.59,30098.68,25cb6c9f-a246-4e82-af6b-e349cd4cd09f,Filled
2026-01-08 15:18:17,TQQQ,Buy,555,54.193099,30077.169945,51359292-9f01-4c4c-bd73-99e08fadfe7a,Filled
2026-01-08 15:19:48,TQQQ,Sell,555,54.26,30114.30,9f83527e-d61f-4c3d-961e-08e8c79280e1,Filled
2026-01-08 15:19:51,SQQQ,Buy,453,66.52,30133.56,6744b842-c465-4ac5-941c-6929418402b1,Filled
2026-01-08 15:21:07,SQQQ,Sell,453,66.48,30115.44,aab6f7ee-3d21-447a-857e-a836b5afa858,Filled
2026-01-08 15:21:13,TQQQ,Buy,556,54.29,30185.24,c16eeec2-d66d-4f92-9e57-4c7eda3cc24f,Filled
2026-01-08 15:21:56,TQQQ,Sell,556,54.21,30140.76,ee465598-17d6-44a9-a807-565ebea018dd,Filled
2026-01-08 15:21:58,SQQQ,Buy,453,66.58,30160.74,75e7cc95-ec2d-4dc7-ba7e-f38fedfd81a8,Filled
2026-01-08 15:23:26,SQQQ,Sell,453,66.59,30165.27,fcd68356-d3fe-44ce-8205-c4f073144338,Filled
2026-01-08 15:23:38,TQQQ,Buy,556,54.25,30163.00,a49e5eec-597b-4f25-b0b6-bf9c14c519f9,Filled
2026-01-08 15:24:42,SQQQ,Buy,454,66.52,30200.08,d781cc90-a889-464a-a5e0-cc612700ac6b,Filled
2026-01-08 15:24:43,TQQQ,Sell,556,54.240072,30157.480032,11d3be8c-5e74-4ac0-aa7f-f789abbd70e1,Filled
2026-01-08 15:25:07,SQQQ,Sell,454,66.45,30168.30,22224f5b-9158-4e59-beb7-db11dd3fa0f4,Filled
2026-01-08 15:25:10,TQQQ,Buy,556,54.33,30207.48,9a685e59-ff39-4468-b263-55babe161768,Filled
2026-01-08 15:25:50,TQQQ,Sell,556,54.31,30196.36,126bcdc6-2449-49db-b3b1-253e2174fb7e,Filled
2026-01-08 15:26:29,SQQQ,Buy,454,66.56,30218.24,b65c583f-9c5f-4157-821d-4c9f5b59f7fd,Filled
2026-01-08 15:27:00,SQQQ,Sell,454,66.487996,30185.550184,4113fe98-c179-4044-b52f-3d98f099fcc8,Filled
2026-01-08 15:27:01,TQQQ,Buy,556,54.28,30179.68,3fb774ad-9dc4-4db5-92d1-5708c07d730e,Filled
2026-01-08 15:27:48,TQQQ,Sell,556,54.218957,30145.740092,57c21883-efe1-4d70-9807-3f30d5797e10,Filled
2026-01-08 15:27:50,SQQQ,Buy,453,66.57,30156.21,11d64d86-fb13-440c-bc9b-08b17aa9be18,Filled
2026-01-08 15:28:11,SQQQ,Sell,453,66.45,30101.85,e4c53d57-c4d7-46e4-be3f-fdda980682fb,Filled
2026-01-08 15:28:14,TQQQ,Buy,555,54.32,30147.60,29b14cb5-f249-43e7-830b-236850e386a6,Filled
2026-01-08 15:29:09,TQQQ,Sell,555,54.3,30136.5,8614bdbb-75b4-4e07-b3a5-c87c9b99b011,Filled
2026-01-08 15:29:11,SQQQ,Buy,454,66.45,30168.30,862c7b6a-0e1a-4f97-b18b-d072e557c671,Filled
2026-01-08 15:30:16,SQQQ,Sell,454,66.46011,30172.88994,3326a2ca-9834-4dbe-b203-e493a1efa5b8,Filled
2026-01-08 15:30:32,SQQQ,Buy,454,66.562027,30219.160258,c7ca7e12-40bd-4a71-838f-23a5476b5e02,Filled
2026-01-08 15:31:42,SQQQ,Sell,454,66.47,30177.38,d6273b8e-8eea-48ab-aa18-d7aa08a83735,Filled
2026-01-08 15:31:45,TQQQ,Buy,556,54.3,30190.8,a9f99560-a803-4962-a087-c0475d01ebd5,Filled
2026-01-08 15:32:46,TQQQ,Sell,556,54.27,30174.12,d9e133f0-adec-4c36-b9a3-2b28cb919e78,Filled
2026-01-08 15:32:49,SQQQ,Buy,454,66.49,30186.46,2acca972-547c-4f87-802f-97bdce9bed83,Filled
2026-01-08 15:38:12,SQQQ,Sell,454,66.91,30377.14,a304ebe6-23b3-4c9e-90d9-15cbcc56e481,Filled
2026-01-08 15:38:16,TQQQ,Buy,563,53.910355,30351.529865,b317d15f-0ae2-4523-b9a5-fa9778e0b7d7,Filled
2026-01-08 15:39:02,TQQQ,Sell,563,53.91,30351.33,fb1b0905-8f3b-4603-b6a3-8aeb7066d340,Filled
2026-01-08 15:39:03,SQQQ,Buy,454,66.93,30386.22,20ca3bd4-8cc6-4e62-a89a-385e3f884a53,Filled
2026-01-08 15:39:18,SQQQ,Sell,454,66.8,30327.2,90adec20-cf57-4a13-9067-d62e373832dd,Filled
2026-01-08 15:39:21,TQQQ,Buy,562,54.03,30364.86,7d9e4ab7-6744-4827-a0f7-b5c5914a7582,Filled
2026-01-08 15:40:24,TQQQ,Sell,562,54.031601,30365.759762,eb66c247-83bd-4a40-80c3-dd4818178f25,Filled
2026-01-08 15:40:26,SQQQ,Buy,455,66.75,30371.25,fb4a54ac-a948-4693-ac75-e7fd91175eba,Filled
2026-01-08 15:40:58,SQQQ,Sell,455,66.66734,30333.63970,66743412-b1fa-4c8f-8cc9-b8ae3409e8db,Filled
2026-01-08 15:40:59,TQQQ,Buy,561,54.14852,30377.31972,de4e1b91-f0a5-462a-94f9-47c34158b124,Filled
2026-01-08 15:42:38,TQQQ,Sell,561,54.147736,30376.879896,aa8bb852-a434-427f-ae06-0065f938603c,Filled
2026-01-08 15:42:40,SQQQ,Buy,455,66.64,30321.20,57c7b00d-0af9-402d-bd02-e1c354300715,Filled
2026-01-08 15:43:21,SQQQ,Sell,455,66.57,30289.35,b3b97a25-1491-4661-ad50-526295a5c667,Filled
2026-01-08 15:43:27,TQQQ,Buy,559,54.225885,30312.269715,bcbfc7ab-2fae-43d4-aa44-42f6b7eec37e,Filled
2026-01-08 15:44:46,TQQQ,Sell,559,54.23898,30319.58982,ac645dc3-743f-4512-a134-5ff23bfc4d55,Filled
2026-01-08 15:44:47,SQQQ,Buy,456,66.55,30346.80,14d73a52-96bf-4eb0-8e2b-0a9207bee846,Filled
2026-01-08 15:45:33,SQQQ,Sell,456,66.5,30324.0,41eba069-58f5-490d-ba6b-02c744259a87,Filled
2026-01-08 15:45:38,TQQQ,Buy,560,54.218267,30362.229520,4de0a13e-d257-45a7-8db6-9187c7cfc012,Filled
2026-01-08 15:45:46,TQQQ,Sell,560,54.21,30357.60,24c6d78c-5fad-44fe-bdc9-6c0bc5e18216,Filled
2026-01-08 15:45:48,SQQQ,Buy,456,66.59,30365.04,8e7f4a81-abc5-4127-818d-214cb523e131,Filled
2026-01-08 15:49:09,SQQQ,Sell,456,66.729299,30428.560344,90b11c71-750a-4378-8c8c-90dad7992296,Filled
2026-01-08 15:49:11,TQQQ,Buy,562,54.06,30381.72,1375cb3f-be81-4765-932d-848dc798371b,Filled
2026-01-08 15:49:31,TQQQ,Sell,562,53.994128,30344.699936,c2e50924-823c-4d16-8386-28ef76911da7,Filled
2026-01-08 15:49:34,SQQQ,Buy,456,66.81,30465.36,cecde051-60a1-43d1-a2f4-ce1bf92ee9dc,Filled
2026-01-08 15:50:05,SQQQ,Sell,456,66.74,30433.44,7dc36771-e8b9-4170-9674-96b8471f44f5,Filled
2026-01-08 15:50:06,TQQQ,Buy,563,54.06,30435.78,c06f01f2-f2cd-482f-82fb-38baca75cdf6,Filled
2026-01-08 15:50:47,TQQQ,Sell,563,53.99,30396.37,abb757cb-96ba-4cba-9025-4cbae0feb95d,Filled
2026-01-08 15:50:50,SQQQ,Buy,455,66.82,30403.10,bdd356ee-9177-4375-83e6-6fafe9c5111a,Filled
2026-01-08 15:52:22,SQQQ,Sell,455,66.85,30416.75,f77f471d-cc34-42dd-a9c8-8f649112a2fc,Filled
2026-01-08 15:52:24,TQQQ,Buy,565,53.947611,30480.400215,7b428627-ad7e-4bcf-9efe-a95bcf8c4241,Filled
2026-01-08 15:52:45,TQQQ,Sell,565,53.911929,30460.239885,5870480f-7dcd-4efa-a752-f0927f2f1721,Filled
2026-01-08 15:52:47,SQQQ,Buy,456,66.878378,30496.540368,b1dbf855-4d7f-4c4d-9059-0169b8c1d952,Filled
2026-01-08 15:54:25,SQQQ,Sell,456,66.97,30538.32,53126908-a5ba-4604-ad06-af1cf732b29f,Filled
2026-01-08 15:54:37,SQQQ,Buy,456,67.03,30565.68,5a3f52fc-df9f-4771-9d45-8294fcbb7097,Filled
2026-01-08 15:55:32,SQQQ,Sell,456,67.01,30556.56,cf0b1465-e129-4969-bd1b-d38a49bcbe90,Filled
2026-01-08 15:55:34,TQQQ,Buy,568,53.835968,30578.829824,9999797b-0530-4da6-b02a-19e0571ba2af,Filled
2026-01-08 15:56:21,TQQQ,Sell,568,53.782535,30548.479880,593949b7-ef83-4e8f-bb9d-baddd9b50ad5,Filled
2026-01-08 15:56:24,SQQQ,Buy,455,67.082504,30522.539320,4a3e9196-9baa-48f2-b8ab-b731457373a4,Filled
2026-01-08 15:57:13,SQQQ,Sell,455,66.92,30448.60,73273762-c4dc-45cd-8fd9-ec6778d029b1,Filled
2026-01-08 15:57:16,TQQQ,Buy,568,53.91,30620.88,b9a34fee-aaa5-4ccb-b566-46061ee8e5d6,Filled
2026-01-08 16:00:05,TQQQ,Sell,568,54.12,30740.16,f7f697df-cbb9-4ef6-a620-9598adad9872,Filled
2026-01-08 16:00:07,SQQQ,Buy,462,66.64,30787.68,362cbac5-6aea-419a-9f33-496e22b7027d,Filled
2026-01-08 16:01:03,SQQQ,Sell,462,66.59,30764.58,1b4a38a0-873c-4c3e-b564-0c533ba474dc,Filled
2026-01-08 16:01:05,TQQQ,Buy,567,54.18,30720.06,c3ae3203-c6a0-4a33-bde9-f1446229a514,Filled
2026-01-08 16:01:31,TQQQ,Sell,567,54.08,30663.36,c5a1683e-f5ec-44f1-b6ef-e489807cc66e,Filled
2026-01-08 16:01:33,SQQQ,Buy,460,66.72,30691.20,47abda96-e30e-4d73-88f6-cd227e623724,Filled
2026-01-08 16:02:09,SQQQ,Sell,460,66.609261,30640.260060,55456916-85d1-40cb-9055-e99828847282,Filled
2026-01-08 16:02:11,TQQQ,Buy,566,54.16,30654.56,66095a40-dc5c-444c-936a-e43916f674b2,Filled
2026-01-08 16:02:46,TQQQ,Sell,566,54.13,30637.58,95ce0b2b-dad4-4236-9a46-59733bf00d37,Filled
2026-01-08 16:03:04,SQQQ,Buy,460,66.68,30672.80,31fe9080-9984-4f70-bf1c-90b5d688b2a2,Filled
2026-01-08 16:04:06,SQQQ,Sell,460,66.61,30640.60,90dab5f1-bd8c-4a9b-bb03-cb7958279ae5,Filled
2026-01-08 16:04:07,TQQQ,Buy,566,54.18,30665.88,d70d8592-e77c-4f11-8e38-31d22b977c07,Filled
2026-01-08 16:04:50,TQQQ,Sell,566,54.15099,30649.46034,ac3cd459-d807-440e-9432-803c4144689f,Filled
2026-01-08 16:04:52,SQQQ,Buy,460,66.61687,30643.76020,ac0b1f17-de0b-419f-802c-8c5ea25c32f6,Filled
2026-01-08 16:06:23,SQQQ,Sell,460,66.66,30663.60,4e79fee5-d711-4ab5-aa58-cde1a782f2e0,Filled
2026-01-08 16:06:25,TQQQ,Buy,567,54.13,30691.71,72c16130-0f19-4ab6-b2cc-726a701d2a48,Filled
2026-01-08 16:07:22,TQQQ,Sell,567,54.084638,30665.989746,747e83e1-bc7f-4032-8a5f-5a0f71e9e7f5,Filled
2026-01-08 16:07:23,SQQQ,Buy,459,66.73,30629.07,a40255e3-6745-4aa7-8114-bd846d305ec6,Filled
2026-01-08 16:10:04,SQQQ,Sell,459,66.869913,30693.290067,d479c9c6-fd9d-4a92-8f12-06a5a7428258,Filled
2026-01-08 16:10:07,TQQQ,Buy,569,53.968998,30708.359862,f421a305-a9bf-4471-8c00-9a4d6595a88f,Filled
2026-01-08 16:10:25,TQQQ,Sell,569,53.9,30669.1,1aa81fa8-740b-45a6-a32e-2b1af6789405,Filled
2026-01-08 16:10:28,SQQQ,Buy,459,66.950044,30730.070196,99c66f83-fb1e-4114-9698-0e175cb2249e,Filled
2026-01-08 16:11:15,SQQQ,Sell,459,66.879934,30697.889706,c5621965-ff02-490b-ab96-bb68a150a16c,Filled
2026-01-08 16:11:16,TQQQ,Buy,570,53.96,30757.20,6bb3b22c-3c07-47e4-817c-2b7f6eeb5b1c,Filled
2026-01-08 16:13:24,TQQQ,Sell,570,53.999702,30779.830140,df515567-0db7-4783-a223-fab213d4b058,Filled
2026-01-08 16:13:26,SQQQ,Buy,461,66.846638,30816.300118,b6e2554f-4a46-4a8c-b75f-6c426a695357,Filled
2026-01-08 16:15:08,SQQQ,Sell,461,66.94,30859.34,64b332ea-afcb-4545-a8fb-c79cea98c55f,Filled
2026-01-08 16:15:55,SQQQ,Buy,461,67,30887,3fec53a0-9360-437c-b52e-387143005890,Filled
2026-01-08 16:17:09,SQQQ,Sell,461,66.953904,30865.749744,ddce8819-c91c-4c5f-979d-9576c02ba838,Filled
2026-01-08 16:17:10,TQQQ,Buy,573,53.879965,30873.219945,90ee968d-417f-463a-8ea7-9f9868e6165e,Filled
2026-01-08 16:19:17,TQQQ,Sell,573,53.94,30907.62,86d5587a-ce33-4726-9f9a-85eadb3c70d6,Filled
2026-01-08 16:19:30,SQQQ,Buy,462,66.965996,30938.290152,9e3c368e-4adb-47d3-ac7b-d6ffafa461c5,Filled
2026-01-08 16:20:10,SQQQ,Sell,462,66.8,30861.6,251bbec0-a49e-404f-812f-0a65e7b1610b,Filled
2026-01-08 16:20:12,TQQQ,Buy,572,53.99,30882.28,975e6635-af7b-45ef-9d58-bb11cd2d2723,Filled
2026-01-08 16:22:05,TQQQ,Sell,572,54.07,30928.04,aff0afd8-6065-49f8-b6c8-b728b0f55a66,Filled
2026-01-08 16:22:08,SQQQ,Buy,464,66.735776,30965.400064,14c22f49-c115-4bb2-a1c7-0ffab9cd51d7,Filled
2026-01-08 16:23:20,SQQQ,Sell,464,66.700129,30948.859856,4ffc9a9f-8fb4-4a4a-8a4f-08e1c8b85681,Filled
2026-01-08 16:23:23,TQQQ,Buy,573,54.083613,30989.910249,9c0460fd-e0e0-4a91-977a-e546df5cc406,Filled
2026-01-08 16:23:47,TQQQ,Sell,573,54,30942,a8bf1a9d-1223-4947-90cf-641efa1b01ff,Filled
2026-01-08 16:23:49,SQQQ,Buy,463,66.830605,30942.570115,2e5872cf-bcef-4fa2-8f2a-f71d235f802f,Filled
2026-01-08 16:25:57,SQQQ,Sell,463,66.9,30974.7,21774e52-8d90-4589-b3bc-0012c21e9a7e,Filled
2026-01-08 16:26:00,TQQQ,Buy,576,53.925469,31061.070144,fb9dcd10-84b0-4aac-ab42-7da95ad07e1b,Filled
2026-01-08 16:27:06,TQQQ,Sell,576,53.917205,31056.310080,922f192d-533a-4308-8f1f-1f057967496c,Filled
2026-01-08 16:27:10,SQQQ,Buy,464,66.933341,31057.070224,cb7e87cd-f6ac-4104-ae5b-166851002576,Filled
2026-01-08 16:31:05,SQQQ,Sell,464,66.998772,31087.430208,80b8202a-90f6-4fbd-a1b9-0c3ca75e19d6,Filled
2026-01-08 16:31:06,TQQQ,Buy,578,53.83,31113.74,ef1e740f-ecaa-4f94-8712-2cb49afe72c5,Filled
2026-01-08 16:32:30,SQQQ,Buy,465,67.04,31173.60,f5e8a685-7e83-4c88-9ed1-3915c6632272,Filled
2026-01-08 16:32:31,TQQQ,Sell,578,53.828425,31112.829650,40609993-8015-41a4-9a83-991ff1465452,Filled
2026-01-08 16:33:29,SQQQ,Sell,465,66.97,31141.05,e94574c4-de0f-4d4c-9e1a-cd557d607ac4,Filled
2026-01-08 16:33:31,TQQQ,Buy,579,53.88,31196.52,dd71de64-ba62-4fc4-afed-c8cd667cd05f,Filled
2026-01-08 16:34:25,TQQQ,Sell,579,53.85,31179.15,5d627a5a-d076-436c-ba09-951b22fbd2d9,Filled
2026-01-08 16:35:03,SQQQ,Buy,465,67.08,31192.20,e7a196cc-935b-48f9-b514-5552e5636bbf,Filled
2026-01-08 16:37:36,SQQQ,Sell,465,67.25,31271.25,db492d78-27f3-4dc3-9d3b-2d87eaba6eb3,Filled
2026-01-08 16:37:48,TQQQ,Buy,583,53.68,31295.44,438f7c05-a4ee-4ef2-8e68-28ac318417c0,Filled
2026-01-08 16:39:59,TQQQ,Sell,583,53.818525,31376.200075,c70a1da8-c05f-4dac-94a5-bf68511dee18,Filled
2026-01-08 16:40:00,SQQQ,Buy,468,67.037114,31373.369352,6cf174a7-13b2-45af-be55-c6d033a7dce2,Filled
2026-01-08 16:40:34,SQQQ,Sell,468,66.95,31332.60,9b3b8f9d-611f-4271-b38c-017bad963377,Filled
2026-01-08 16:40:37,TQQQ,Buy,582,53.88,31358.16,b804d07f-40fa-441f-b4e6-a2bf9d106fe2,Filled
2026-01-08 16:43:31,TQQQ,Sell,582,53.952577,31400.399814,213ac494-14a9-4427-a61e-34daccfd7ac0,Filled
2026-01-08 16:43:33,SQQQ,Buy,470,66.865851,31426.949970,ff33915d-68d7-40eb-b695-95e665ff9bc3,Filled
2026-01-08 16:44:08,SQQQ,Sell,470,66.82,31405.40,b85ffdfe-bb18-4e83-be3b-62735685b975,Filled
2026-01-08 16:44:12,TQQQ,Buy,582,53.99,31422.18,75e9bb1d-dda8-4ad0-bcc9-806d2569442f,Filled
2026-01-08 16:46:55,TQQQ,Sell,582,54.09,31480.38,3c5461cd-0b65-427f-bc2a-44739f33556b,Filled
2026-01-08 16:46:57,SQQQ,Buy,472,66.7,31482.4,f3f62016-a9af-4a3c-937a-d7b958b56600,Filled
2026-01-08 16:47:43,SQQQ,Sell,472,66.67,31468.24,1ef6975c-1e07-43cf-a277-cc44ab40fd1e,Filled
2026-01-08 16:47:46,TQQQ,Buy,583,54.13,31557.79,195721cc-9d2d-424e-b564-079e3510d613,Filled
2026-01-08 16:48:37,TQQQ,Sell,583,54.12,31551.96,ec2adea7-bc01-491f-a02b-68d46b253ca2,Filled
2026-01-08 16:49:14,TQQQ,Buy,582,54.12,31497.84,63de974c-289d-4a62-bf71-878cc31866c9,Filled
2026-01-08 16:49:37,TQQQ,Sell,582,54.06,31462.92,3f017e10-247b-4849-a572-87543a128997,Filled
2026-01-08 16:49:37,SQQQ,Buy,472,66.75,31506.00,1795440e-3acc-4063-80c8-d3663e1ba7e4,Filled
2026-01-08 16:50:29,SQQQ,Sell,472,66.665762,31466.239664,e4667546-8cc1-48f0-85dd-5da4e7dd50a0,Filled
2026-01-08 16:50:30,TQQQ,Buy,582,54.12,31497.84,906ef39d-99f0-42a0-b0ae-6baa83062c5b,Filled
2026-01-08 16:51:01,TQQQ,Sell,582,54.06,31462.92,2b029a0f-c5ef-4d2d-9fd5-39d3a8b87eaa,Filled
2026-01-08 16:51:04,SQQQ,Buy,472,66.775678,31518.120016,af1dc755-41cd-442b-ba64-5ea234377538,Filled
2026-01-08 16:53:17,SQQQ,Sell,472,66.89,31572.08,4bc21111-5013-43ca-b53e-b6c061430433,Filled
2026-01-08 16:53:19,TQQQ,Buy,585,53.94,31554.90,8fa179bf-2ea1-42ca-b639-3f93e0dbf1fa,Filled
2026-01-08 16:53:56,TQQQ,Sell,585,53.912769,31538.969865,48f7ee0a-a146-40fb-9bb6-41f18323dc1e,Filled
2026-01-08 16:54:02,SQQQ,Buy,472,66.958347,31604.339784,26504890-7ac1-4c2c-87c7-aee9ea646989,Filled
2026-01-08 16:54:33,SQQQ,Sell,472,66.88,31567.36,c205c6a7-128f-488d-a1e5-04b7589e477a,Filled
2026-01-08 16:54:36,TQQQ,Buy,585,53.960325,31566.790125,d01e3c6f-4626-4514-9a43-247d1fde1bc2,Filled
2026-01-08 16:56:52,TQQQ,Sell,585,54.02,31601.70,4d9b3498-9c9e-40fa-9010-ea02a1c96a3a,Filled
2026-01-08 16:57:01,TQQQ,Buy,585,54.033794,31609.769490,d84015fd-08df-4170-ba10-5a2e1574df86,Filled
2026-01-08 16:58:01,TQQQ,Sell,585,54.04,31613.40,871fe5da-6955-4fd3-b790-4ce254eaebdb,Filled
2026-01-08 16:58:08,TQQQ,Buy,585,54.07,31630.95,4cb88751-322d-4f9f-835f-3923e8319bd5,Filled
2026-01-08 16:58:49,TQQQ,Sell,585,54.07429,31633.45965,b1130ea9-3246-4f9c-8d8e-82f4c37ebc16,Filled
2026-01-08 16:59:01,TQQQ,Buy,585,54.09,31642.65,1f6d50bf-8b8e-4751-823e-8d5c9a0234a4,Filled
2026-01-08 17:00:44,TQQQ,Sell,585,54.09,31642.65,d8dfbb46-074c-4771-9be0-d5b1ba0101b7,Filled
2026-01-08 17:00:47,SQQQ,Buy,475,66.72,31692.00,fd829497-d6ca-43d7-ab45-9f8674cd0c3d,Filled
2026-01-08 17:02:23,SQQQ,Sell,475,66.77,31715.75,603bb42f-3f82-4eff-9e90-6a84c85802b2,Filled
2026-01-08 17:02:24,TQQQ,Buy,586,54.05,31673.30,3491cd1e-7944-48c2-b909-e314f9c17e34,Filled
2026-01-08 17:03:01,TQQQ,Sell,586,53.98,31632.28,2fe94ef9-59f3-4aac-adb6-9715b05a2d73,Filled
2026-01-08 17:03:03,SQQQ,Buy,474,66.85,31686.90,3ab0d8db-cd61-4d18-83e3-f83cfb745d1c,Filled
2026-01-08 17:04:09,SQQQ,Sell,474,66.83,31677.42,683c0c9b-b11a-4e61-9871-89a3234f5176,Filled
2026-01-08 17:04:38,SQQQ,Buy,474,66.86,31691.64,cd4eb5a7-3563-4880-b707-33cc2c19417e,Filled
2026-01-08 17:05:13,SQQQ,Sell,474,66.856688,31690.070112,c37d773f-f6d5-41a3-8155-c85ebd9a526a,Filled
2026-01-08 17:05:30,SQQQ,Buy,474,66.87,31696.38,fc283fce-12e7-4e3b-9f00-523ea6a4fff5,Filled
2026-01-08 17:07:07,SQQQ,Sell,474,66.9,31710.6,1a9f3ea3-61ff-4b65-b4e0-8319ec4992ab,Filled
2026-01-08 17:07:55,TQQQ,Buy,587,53.96,31674.52,91b3efb6-0a96-4ce1-9b4c-250cbb9ffd00,Filled
2026-01-08 17:09:18,TQQQ,Sell,587,53.961976,31675.679912,b83ed27d-3a55-4772-b389-9151a86d77c6,Filled
2026-01-08 17:09:19,SQQQ,Buy,474,66.89,31705.86,a2d3c55c-1f1f-489e-99d9-3f6e7c2f71a5,Filled
2026-01-08 17:10:47,SQQQ,Sell,474,66.9,31710.6,4140ce1d-09de-42c0-9c34-604ec37a0af8,Filled
2026-01-08 17:11:19,TQQQ,Buy,588,53.95,31722.60,95bdeca8-be55-4d40-85fd-987ea0680954,Filled
2026-01-08 17:12:45,TQQQ,Sell,588,53.94,31716.72,28239f09-7d7a-430e-9073-006d78bd770d,Filled
2026-01-08 17:12:49,SQQQ,Buy,474,66.909536,31715.120064,11e8d3bf-0539-41ed-8fff-57125f71c044,Filled
2026-01-08 17:13:46,SQQQ,Sell,474,66.88922,31705.49028,72c110a7-3cc6-44a5-81b9-50e10738bea8,Filled
2026-01-08 17:13:47,TQQQ,Buy,588,53.96,31728.48,ad98374e-9152-439e-8786-e12d537dd34a,Filled
2026-01-08 17:15:23,TQQQ,Sell,588,54,31752,36835788-b841-4f48-8798-c387bc2ae8be,Filled
2026-01-08 17:16:11,TQQQ,Buy,588,54.08,31799.04,4729df67-8277-4c57-b402-3b61f9d22e6d,Filled
2026-01-08 17:17:19,TQQQ,Sell,588,54.06,31787.28,f5d91359-372a-4fa8-a376-ffcc98f2e7f6,Filled
2026-01-08 17:17:47,SQQQ,Buy,476,66.76,31777.76,9970d3ed-3582-42ae-b088-9352e35714a3,Filled
2026-01-08 17:18:26,SQQQ,Sell,476,66.78,31787.28,3716e655-3860-458b-9a35-e9495fddb360,Filled
2026-01-08 17:18:54,TQQQ,Buy,588,54.08,31799.04,ff2bceaf-15c8-4d77-b4e8-7bd1151b72e9,Filled
2026-01-08 17:20:41,TQQQ,Sell,588,54.11,31816.68,a787fc04-a544-4aba-b518-ad32bd06072b,Filled
2026-01-08 17:20:44,SQQQ,Buy,477,66.691467,31811.829759,ad2ac825-2da3-4f57-ad81-2690c897c769,Filled
2026-01-08 17:21:05,SQQQ,Sell,477,66.62,31777.74,ba0f5d93-fa2b-4add-a3aa-545afeda1a4d,Filled
2026-01-08 17:21:08,TQQQ,Buy,587,54.169779,31797.660273,edcd7677-a9cc-463f-882f-8a07a3ad9694,Filled
2026-01-08 17:22:23,TQQQ,Sell,587,54.16,31791.92,2d3884ee-bddd-4551-bb39-c899a3e59880,Filled
2026-01-08 17:22:50,SQQQ,Buy,476,66.74,31768.24,753588c5-fa7c-4362-a490-08893253b9e8,Filled
2026-01-08 17:24:55,SQQQ,Sell,476,66.77,31782.52,9ac6bfda-cb35-4d7b-b10f-25ab59c08d04,Filled
2026-01-08 17:25:06,SQQQ,Buy,476,66.84,31815.84,9ef3ee09-ddf7-4ac7-9537-d7f8fbb5203f,Filled
2026-01-08 17:27:41,SQQQ,Sell,476,66.88,31834.88,884e84c8-1f46-4ea4-8833-e2fe4252c6d9,Filled
2026-01-08 17:27:42,TQQQ,Buy,592,53.95,31938.40,d9c5a105-fed2-4627-a748-60186ec9046f,Filled
2026-01-08 17:28:48,TQQQ,Sell,592,53.92,31920.64,cba74bc7-257c-4ebe-9da1-05f5f20653e7,Filled
2026-01-08 17:30:17,SQQQ,Buy,477,66.91,31916.07,a36f8995-64a0-4c6e-b05e-6cda060820db,Filled
2026-01-08 17:30:28,SQQQ,Sell,477,66.82,31873.14,7892cbff-8d33-48ea-88c0-d93f6c84cdcf,Filled
2026-01-08 17:30:33,TQQQ,Buy,591,53.999222,31913.540202,c9e9be2d-60a3-439d-a61a-ef152bb9a890,Filled
2026-01-08 17:31:11,TQQQ,Sell,591,53.973875,31898.560125,5185fc89-e588-462f-b5d3-9c593bd6aca8,Filled
2026-01-08 17:31:13,SQQQ,Buy,477,66.86,31892.22,a9b8879f-5138-4607-86bd-789f70e906f2,Filled
2026-01-08 17:31:23,SQQQ,Sell,477,66.8,31863.6,29e6b1ab-8ffd-4793-b13d-f03e39cd1e7d,Filled
2026-01-08 17:31:26,TQQQ,Buy,591,54.020846,31926.319986,627480fb-d342-403f-800d-075cd863110a,Filled
2026-01-08 17:33:59,TQQQ,Sell,591,54.08,31961.28,53bd31ce-00ff-44e8-afd4-ce9743fbcb3c,Filled
2026-01-08 17:34:18,SQQQ,Buy,478,66.761109,31911.810102,786a732d-99c7-43d1-bfea-fb484168c0e7,Filled
2026-01-08 17:35:07,SQQQ,Sell,478,66.73,31896.94,9079165f-e95e-48b7-8b17-e7a1d253b1f0,Filled
2026-01-08 17:35:44,TQQQ,Buy,591,54.09,31967.19,976f89f0-8f38-4909-80a1-cdacd5dc60a2,Filled
2026-01-08 17:36:42,TQQQ,Sell,591,54.08,31961.28,12a37db1-e139-4596-b3bb-55ad47bba575,Filled
2026-01-08 17:36:42,SQQQ,Buy,479,66.72,31958.88,d5e5975c-dfe1-4619-b314-c5f013c226d7,Filled
2026-01-08 17:37:23,SQQQ,Sell,479,66.74,31968.46,809520ab-1cbb-4049-ac85-0806be2b3f52,Filled
2026-01-08 17:37:41,SQQQ,Buy,479,66.747349,31971.980171,11d8f921-f4d5-4959-92aa-5f2bfd76880e,Filled
2026-01-08 17:38:32,SQQQ,Sell,479,66.74,31968.46,2b753b37-406a-4236-8762-b4593d62a84b,Filled
2026-01-08 17:38:39,SQQQ,Buy,479,66.77,31982.83,d6d08eb2-88b8-4b18-beeb-43aaeeb6b221,Filled
2026-01-08 17:39:25,SQQQ,Sell,479,66.75,31973.25,13d2884b-cd52-481a-8406-d3e822a69536,Filled
2026-01-08 17:39:58,TQQQ,Buy,591,54.1,31973.1,e5d9da80-c4d7-410d-b866-809db3a4ac91,Filled
2026-01-08 17:40:55,TQQQ,Sell,591,54.091692,31968.189972,f6b22886-05bb-48d6-895f-fd970147f0c6,Filled
2026-01-08 17:41:06,TQQQ,Buy,591,54.12,31984.92,c9485767-effc-42fe-a01f-dbece55aa1f1,Filled
2026-01-08 17:42:43,TQQQ,Sell,591,54.12,31984.92,843d3b32-c499-4611-8c0a-552d8545336b,Filled
2026-01-08 17:42:47,SQQQ,Buy,480,66.679813,32006.310240,11e34b19-1309-4c0a-8c3f-bc3f0e81a098,Filled
2026-01-08 17:43:30,SQQQ,Sell,480,66.640479,31987.429920,3d370e2d-4016-44e6-b620-c45f8793fcdc,Filled
2026-01-08 17:45:11,TQQQ,Buy,590,54.17,31960.30,7b4164c7-2f52-4229-b27b-e5c270748d4e,Filled
2026-01-08 17:46:12,TQQQ,Sell,590,54.17,31960.30,5b806178-882c-4715-9c9a-7227089bc4c6,Filled
2026-01-08 17:46:34,TQQQ,Buy,590,54.19,31972.10,ea45f18c-ce5c-4885-9951-f8a4cdccd7f5,Filled
2026-01-08 17:47:22,TQQQ,Sell,590,54.17,31960.30,ea3bc1bc-4285-49d2-8e58-0131d9cd367e,Filled
2026-01-08 17:48:04,TQQQ,Buy,590,54.2,31978.0,1d81bbd5-3c08-4c27-84bc-9dec44d3ff6a,Filled
2026-01-08 17:48:56,TQQQ,Sell,590,54.17,31960.30,95ea20d2-eae9-4575-a4c2-482d969e0527,Filled
2026-01-08 17:49:02,SQQQ,Buy,480,66.63,31982.40,c8dcf78c-1a9d-446f-997b-39c072eb703c,Filled
2026-01-08 17:49:18,SQQQ,Sell,480,66.57,31953.60,96feaeb9-53df-44cc-826e-85bf4e2bd540,Filled
2026-01-08 17:49:19,TQQQ,Buy,589,54.21,31929.69,2f3802ef-9ff1-4e7c-8faf-394ec37086ff,Filled
2026-01-08 17:51:02,TQQQ,Sell,589,54.25,31953.25,a5f80abb-5d4f-46a5-99e9-a052a734d176,Filled
2026-01-08 17:51:29,TQQQ,Buy,589,54.29,31976.81,230cb334-1eb5-4810-979f-7cca9065890e,Filled
2026-01-08 17:53:16,TQQQ,Sell,589,54.29,31976.81,c89285f6-4b60-4c5b-92d1-05078c3f31b7,Filled
2026-01-08 17:53:18,SQQQ,Buy,481,66.49,31981.69,8f41a823-9c94-4997-8300-eef7a61a7663,Filled
2026-01-08 17:54:05,SQQQ,Sell,481,66.427298,31951.530338,70bea068-8f82-4403-a7a3-de948161c6dc,Filled
2026-01-08 17:54:07,TQQQ,Buy,589,54.32,31994.48,b822a27c-504b-4f85-a721-dc0a11f28b75,Filled
2026-01-08 17:54:52,TQQQ,Sell,589,54.29,31976.81,702aa766-f85d-42c5-b8eb-171d7b18fbd0,Filled
2026-01-08 17:54:59,SQQQ,Buy,481,66.48,31976.88,4d74e640-f272-4d63-9189-6a91802cf35d,Filled
2026-01-08 17:56:37,SQQQ,Sell,481,66.482703,31978.180143,77a4aeb7-e1d6-4ec5-9b07-efb97af3f8d8,Filled
2026-01-08 17:58:20,SQQQ,Buy,481,66.6,32034.6,45a09863-5b38-4e44-b2d9-127f4dde3928,Filled
2026-01-08 17:59:43,SQQQ,Sell,481,66.57,32020.17,dc9c6a69-95ea-4f1f-9683-e0c43bea59ac,Filled
2026-01-08 17:59:50,SQQQ,Buy,481,66.62,32044.22,9d446bae-295e-4548-ab76-980542696af3,Filled
2026-01-08 18:00:36,SQQQ,Sell,481,66.58,32024.98,573a3db5-9851-434d-9905-8da864b555f3,Filled
2026-01-08 18:00:37,TQQQ,Buy,591,54.2,32032.2,c00fd3d8-f31e-4d0d-b98b-87f1c47e5cf8,Filled
2026-01-08 18:01:38,TQQQ,Sell,591,54.19,32026.29,20e1a05c-2878-4353-b44d-5710827cc5db,Filled
2026-01-08 18:02:23,SQQQ,Buy,481,66.63711,32052.44991,6d2393da-e97b-4f82-b402-973071fc4c76,Filled
2026-01-08 18:04:14,SQQQ,Sell,481,66.6558,32061.4398,f3e97cda-cdab-4c5b-a9b9-15d600b41c70,Filled
2026-01-08 18:04:15,TQQQ,Buy,594,54.15,32165.10,a4bcc585-e9e6-43d9-8f3c-8b75a7fb4edb,Filled
2026-01-08 18:04:52,TQQQ,Sell,594,54.110875,32141.859750,52573294-8d74-4109-8acd-ad5d19436d04,Filled
2026-01-08 18:04:54,SQQQ,Buy,482,66.68,32139.76,914fa4c8-5d69-4207-a5c1-4e8982d8d20b,Filled
2026-01-08 18:06:42,SQQQ,Sell,482,66.74,32168.68,af35f1d1-0efa-4a24-aed2-a662a4e1db46,Filled
2026-01-08 18:06:44,TQQQ,Buy,595,54.06,32165.70,6d624de8-2c58-44a9-8b3c-1821160552fb,Filled
2026-01-08 18:07:21,TQQQ,Sell,595,54.04,32153.80,d80b7930-0d1b-43f8-9557-7fabca18ea06,Filled
2026-01-08 18:07:32,SQQQ,Buy,482,66.8,32197.6,939ea364-b957-4b0c-919e-da11752ebd00,Filled
2026-01-08 18:08:14,SQQQ,Sell,482,66.790851,32193.190182,8a60aa9b-81bb-4a4c-947d-274d8d5f5197,Filled
2026-01-08 18:08:45,SQQQ,Buy,482,66.84,32216.88,9934647c-f924-447d-85cd-e9e4c9897b4f,Filled
2026-01-08 18:09:48,SQQQ,Sell,482,66.839336,32216.559952,550040ae-cb3f-40ca-bebf-a95dd6561f59,Filled
2026-01-08 18:10:00,TQQQ,Buy,597,54.017152,32248.239744,f2509011-8ade-4e33-b8fb-8ee5cb018d98,Filled
2026-01-08 18:10:41,TQQQ,Sell,597,53.98,32226.06,1d2e040a-5659-4fe4-b436-05bd5deaa69b,Filled
2026-01-08 18:11:08,SQQQ,Buy,481,66.962037,32208.739797,842a68f7-9068-4ed1-ae38-778d04d19d81,Filled
2026-01-08 18:12:15,SQQQ,Sell,481,66.95,32202.95,e641393f-7006-45ee-9e6e-57fcefdde900,Filled
2026-01-08 18:12:53,SQQQ,Buy,481,66.95,32202.95,7bff7f77-0008-4992-8a39-70e1f714526b,Filled
2026-01-08 18:15:46,SQQQ,Sell,481,67.02,32236.62,a979a61d-1cb8-4d40-9040-70f84079b050,Filled
2026-01-08 18:16:09,TQQQ,Buy,599,53.86,32262.14,9feff26c-ef5a-45d0-8e04-c6e648066d8b,Filled
2026-01-08 18:18:48,TQQQ,Sell,599,53.97,32328.03,e4453153-9284-419e-848b-2af1868f610e,Filled
2026-01-08 18:19:05,TQQQ,Buy,599,53.99,32340.01,282634ea-2b95-4533-b5c8-9d9538d3044d,Filled
2026-01-08 18:21:17,TQQQ,Sell,599,54.07,32387.93,802ae564-0757-4445-8040-5a8e21e05880,Filled
2026-01-08 18:21:31,SQQQ,Buy,485,66.73235,32365.18975,863f5561-2d8b-4cde-9d5e-f725cfe2c7c0,Filled
2026-01-08 18:23:48,SQQQ,Sell,485,66.88,32436.80,82ee0c58-bfae-422c-86a8-5dcbe6aebef6,Filled
2026-01-08 18:25:27,SQQQ,Buy,485,66.89,32441.65,1c0e708c-7e90-4657-a29e-eec2e79a3755,Filled
2026-01-08 18:26:49,SQQQ,Sell,485,66.815299,32405.420015,c53c27e7-ebfc-43ab-bfb0-8f0bd0e7bc10,Filled
2026-01-08 18:26:50,TQQQ,Buy,600,54,32400,e74d7eef-c276-469d-a2cf-5726372870ab,Filled
2026-01-08 18:29:06,SQQQ,Buy,486,66.761852,32446.260072,adf22c94-3195-4051-8d16-56d1fa7e5b48,Filled
2026-01-08 18:29:07,TQQQ,Sell,600,54.05,32430.00,f0860068-8d20-46f8-a4c9-e3d20e96cae5,Filled
2026-01-08 18:29:43,SQQQ,Sell,486,66.77,32450.22,51ea3a94-bacb-46df-a048-00c70d138a68,Filled
2026-01-08 18:30:39,SQQQ,Buy,486,66.8,32464.8,5dcf5582-48c5-4c91-b885-9eb132ac6118,Filled
2026-01-08 18:31:05,SQQQ,Sell,486,66.76,32445.36,fddb2410-d22a-4d1e-a3fc-5ce2e166020c,Filled
2026-01-08 18:31:07,TQQQ,Buy,601,54.06,32490.06,24d98638-4479-45ca-98e6-207576746187,Filled
2026-01-08 18:31:44,TQQQ,Sell,601,54.015873,32463.539673,d9a4e26f-8474-4bf5-b0da-7b1ec72b916f,Filled
2026-01-08 18:32:06,SQQQ,Buy,486,66.81,32469.66,af7d6670-c9e7-4d6d-a2b3-8d17b62184bd,Filled
2026-01-08 18:33:13,SQQQ,Sell,486,66.8,32464.8,ef494fdc-49bf-42ca-bc76-b7a1480f3a0d,Filled
2026-01-08 18:33:14,TQQQ,Buy,601,54.01,32460.01,f9eba55d-46b9-4e81-9867-c29c3551d0d4,Filled
2026-01-08 18:33:49,TQQQ,Sell,601,54.01,32460.01,8fb75795-f911-41fd-91c4-93ac49b58171,Filled
2026-01-08 18:35:29,TQQQ,Buy,600,54.03,32418.00,14bef044-3392-4ce5-b295-c22fd3319151,Filled
2026-01-08 18:37:11,TQQQ,Sell,600,54.08,32448.00,85b2c360-7059-4035-ae24-5988672e40d8,Filled
2026-01-08 18:37:59,SQQQ,Buy,487,66.78,32521.86,56bc2152-e76e-425e-8cee-bc9fa00c5d4c,Filled
2026-01-08 18:37:59,SQQQ,Buy,487,66.78,32521.86,56bc2152-e76e-425e-8cee-bc9fa00c5d4c,Filled
2026-01-08 18:39:05,SQQQ,Sell,487,66.75,32507.25,3eabc00e-7306-4217-ac56-1af5b89e9733,Filled
2026-01-08 18:39:07,TQQQ,Buy,601,54.05,32484.05,8c5548a2-67b8-422e-9049-2a31bc58f9f2,Filled
2026-01-08 18:39:48,TQQQ,Sell,601,54.04,32478.04,83df35b9-cc19-46c7-9d34-d276f66c6453,Filled
2026-01-08 18:39:52,SQQQ,Buy,487,66.77,32516.99,b7e17f25-f2e3-4ac8-b1b0-c0e43fdde64d,Filled
2026-01-08 18:40:31,SQQQ,Sell,487,66.79,32526.73,b48e32ef-d2eb-432d-b133-644058c8d583,Filled
2026-01-08 18:41:05,SQQQ,Buy,487,66.801848,32532.499976,6e56d50d-6e6b-460e-86cd-a02b9401187c,Filled
2026-01-08 18:41:39,SQQQ,Sell,487,66.73,32497.51,781561a5-9458-492f-bf9d-757cb004eb60,Filled
2026-01-08 18:41:57,TQQQ,Buy,601,54.05,32484.05,463ee454-1e3a-4061-a6e6-a166a11b3c73,Filled
2026-01-08 18:43:23,TQQQ,Sell,601,54.05,32484.05,63f96e2a-6528-48bc-ad5a-a1ae360005fe,Filled
2026-01-08 18:43:26,SQQQ,Buy,487,66.76,32512.12,d99936aa-c178-45da-9c52-6670270a7c89,Filled
2026-01-08 18:45:17,SQQQ,Sell,487,66.77,32516.99,d5886e59-841e-4fd7-b793-cb5d7aab6c6d,Filled
2026-01-08 18:45:39,SQQQ,Buy,487,66.79,32526.73,92f89f55-1a62-414e-a978-e35cecbd8937,Filled
2026-01-08 18:46:35,SQQQ,Sell,487,66.73,32497.51,c7310b7c-fb0d-4bd6-8e01-7e3357c632aa,Filled
2026-01-08 18:46:38,TQQQ,Buy,602,54.096511,32566.099622,d5a34e1e-2ca6-449e-a5d8-dab9042b3d7c,Filled
2026-01-08 18:47:49,TQQQ,Sell,602,54.1,32568.2,b74272ea-af2e-47a8-b078-23e12b2e6986,Filled
2026-01-08 18:48:01,TQQQ,Buy,601,54.14,32538.14,c58044a8-f739-4c52-b350-9c29afd3f5b3,Filled
2026-01-08 18:49:03,TQQQ,Sell,601,54.11,32520.11,45217064-480a-491f-88d6-12f090ac04fe,Filled
2026-01-08 18:49:05,SQQQ,Buy,488,66.69,32544.72,31a3aa8f-c4f0-45b8-bccf-233b8168d461,Filled
2026-01-08 18:53:37,SQQQ,Sell,488,66.88,32637.44,f87f19c6-a0f0-4b26-8ae0-731c437d55dd,Filled
2026-01-08 18:55:05,SQQQ,Buy,488,66.96,32676.48,adba31f3-7cde-4b11-ab86-2d21ad480652,Filled
2026-01-08 18:55:59,SQQQ,Sell,488,66.96,32676.48,b0bd3c96-9ed6-4aea-98f4-f271476c2091,Filled
2026-01-08 18:56:04,SQQQ,Buy,488,66.96,32676.48,8900a805-9b05-46d1-be27-24df959a8183,Filled
2026-01-08 18:57:45,SQQQ,Sell,488,66.98,32686.24,7224dc05-2813-41d2-959f-ccb2c18d58cb,Filled
2026-01-08 18:59:05,SQQQ,Buy,487,67.02,32638.74,27fdeec1-06f0-4016-9f9a-12dec44dbcc1,Filled
2026-01-08 18:59:15,SQQQ,Sell,60,66.99,4019.40,d64a56d9-c6a6-4ef9-8a81-cec292730bd8,Filled
2026-01-08 18:59:34,TQQQ,Buy,607,53.89,32711.23,ab19129c-2e59-4fce-bdb0-89d4dc99f3b9,Filled
2026-01-08 19:08:45,TQQQ,Sell,607,53.98,32765.86,701cc39c-96c5-4684-9074-f35fffa77afa,Filled
2026-01-08 19:08:52,SQQQ,Sell,427,66.84,28540.68,4c249d0b-0190-4b34-846a-07baccc7dc72,Filled
2026-01-08 19:09:40,SQQQ,Buy,489,66.87,32699.43,7cfdb5be-57ee-4f93-85f0-e0b7d6980035,Filled
2026-01-08 19:12:13,SQQQ,Sell,489,67.05,32787.45,62efbab5-cc9f-4c51-89e1-72ad510eccff,Filled
2026-01-08 19:14:17,SQQQ,Buy,488,67.1,32744.8,7347bd39-653f-4204-8f6e-9cec36de1b1e,Filled
2026-01-08 19:16:32,SQQQ,Sell,488,67.160471,32774.309848,6bf7c53e-e237-4acb-81d1-e0a3a69e8831,Filled
2026-01-08 19:16:48,SQQQ,Buy,488,67.200491,32793.839608,551b4b6a-723b-41b7-a6c4-928c354697b0,Filled
2026-01-08 19:17:28,SQQQ,Sell,488,67.12,32754.56,bd7b5b32-7c66-4669-a365-d258d42311a2,Filled
2026-01-08 19:17:36,TQQQ,Buy,610,53.79,32811.90,5c1a8e5b-c15c-42da-a25f-566442e4f3cb,Filled
2026-01-08 19:18:58,TQQQ,Sell,610,53.79,32811.90,db32ab03-6395-4fe3-b000-8b4033fc9fb9,Filled
2026-01-08 19:18:59,SQQQ,Buy,490,67.07,32864.30,68823458-e182-4f07-8c40-4cbf7c7a4da2,Filled
2026-01-08 19:19:26,SQQQ,Sell,490,67.00951,32834.65990,f1889314-8b73-4334-89c2-d7ac0dd1d9d0,Filled
2026-01-08 19:19:26,TQQQ,Buy,610,53.85,32848.50,e104c8fb-7315-4aa4-9432-458dcdebaa01,Filled
2026-01-08 19:21:26,TQQQ,Sell,610,53.9,32879.0,91ba0f3c-1d10-4748-9b3b-c72a34749d52,Filled
2026-01-08 19:21:27,SQQQ,Buy,492,66.94,32934.48,9302eb48-e26a-438f-ad8e-6aa8ea05e0af,Filled
2026-01-08 19:22:59,SQQQ,Sell,492,66.980061,32954.190012,d5881d58-a8f0-4863-9075-93bab70179c3,Filled
2026-01-08 19:23:16,SQQQ,Buy,491,67.016986,32905.340126,726236ca-d29a-48a0-843a-bc0c9a914869,Filled
2026-01-08 19:24:22,SQQQ,Sell,491,66.976823,32885.620093,a7401f65-c057-47ce-bedd-d29135d711fd,Filled
2026-01-08 19:24:23,TQQQ,Buy,611,53.86,32908.46,aa065673-3895-4108-b924-57eb7fa48c55,Filled
2026-01-08 19:25:06,TQQQ,Sell,611,53.84,32896.24,d027cbb8-c8fa-43de-8cb3-eb1cda913f4c,Filled
2026-01-08 19:25:52,SQQQ,Buy,491,67.06,32926.46,5daf03ec-fb35-44a2-b4fa-2a2f7cfe776f,Filled
2026-01-08 19:26:33,SQQQ,Sell,491,67.04,32916.64,65d0b1ab-1c81-46d4-8192-0706322c6403,Filled
2026-01-08 19:28:22,TQQQ,Buy,611,53.85,32902.35,30b910e9-9b3e-46ac-a1ee-c5e6ddab26bb,Filled
2026-01-08 19:29:13,TQQQ,Sell,611,53.84,32896.24,359a4fcf-05eb-4eb4-8c84-cfc72a3a8283,Filled
2026-01-08 19:30:17,TQQQ,Buy,611,53.86,32908.46,8d269b2a-2128-48fa-9730-85f7ab484533,Filled
2026-01-08 19:33:02,TQQQ,Sell,611,53.93,32951.23,c8cbfbf3-ac29-4a26-807f-3d5cd0b41597,Filled
2026-01-08 19:33:58,SQQQ,Buy,493,66.94,33001.42,7959bb55-026b-44a5-85b8-5b9546c1990d,Filled
2026-01-08 19:34:51,SQQQ,Sell,493,66.93,32996.49,2393d4b5-e348-4f3b-841a-17966e32bfb2,Filled
2026-01-08 19:35:23,SQQQ,Buy,493,66.961521,33012.029853,67e5e3b7-52bc-40ad-92dd-ae41233d0e23,Filled
2026-01-08 19:37:24,SQQQ,Sell,493,67.02,33040.86,61fb4454-0525-4538-adcf-4dd5f8f8496b,Filled
2026-01-08 19:38:33,SQQQ,Buy,493,67.06,33060.58,e64372d5-ddba-4f4e-975b-e4f3c0aa704f,Filled
2026-01-08 19:39:14,SQQQ,Sell,493,67.027323,33044.470239,cfad3c0e-ef48-4c8b-afa2-76c085493da5,Filled
2026-01-08 19:40:38,TQQQ,Buy,614,53.838306,33056.719884,7c041150-db55-43d1-92a8-7d6fb18379bd,Filled
2026-01-08 19:41:24,TQQQ,Sell,614,53.81,33039.34,c2ff357e-946b-441e-8393-4a228c69ae6b,Filled
2026-01-08 19:41:26,SQQQ,Buy,493,67.05,33055.65,72aeed42-7ce8-4334-a878-25f3e3a9d6a4,Filled
2026-01-08 19:42:17,SQQQ,Sell,493,67.03,33045.79,3e9b63d2-fcbd-48b5-9021-72a9e69f7f57,Filled
2026-01-08 19:43:05,TQQQ,Buy,614,53.83,33051.62,55b63dca-85df-476e-834a-9e247798dbf5,Filled
2026-01-08 19:43:37,TQQQ,Sell,614,53.759967,33008.619738,c3b8040e-f2b1-4343-b5cc-a8fc1d1a1b4e,Filled
2026-01-08 19:43:39,SQQQ,Buy,493,67.11,33085.23,162a87a1-e03d-48f7-a45c-a13369cb3c80,Filled
2026-01-08 19:44:45,SQQQ,Sell,493,67.06,33060.58,28ed2987-e757-47de-9b0b-6935a96c8851,Filled
2026-01-08 19:45:17,TQQQ,Buy,614,53.82,33045.48,1668ae2a-a105-49be-84a6-835421533c25,Filled
2026-01-08 19:46:14,TQQQ,Sell,614,53.83,33051.62,c0c37f65-8095-4b91-bf48-f9513658a0f7,Filled
2026-01-08 19:47:37,SQQQ,Buy,493,67.06,33060.58,279ff8f7-78b4-40c6-9efc-bd850112549a,Filled
2026-01-08 19:48:30,SQQQ,Sell,493,67.07,33065.51,439fe301-7753-46c0-a4b1-03c275acbb19,Filled
2026-01-08 19:49:12,TQQQ,Buy,615,53.84,33111.60,3cc3a121-9c76-443d-9730-8c56c7702a0a,Filled
2026-01-08 19:50:55,TQQQ,Sell,615,53.87,33130.05,72a9f024-b9e0-4757-bd59-7a50c832802e,Filled
2026-01-08 19:51:07,TQQQ,Buy,615,53.89,33142.35,fe03e5d2-bb72-4f65-90ca-b2af39bea14a,Filled
2026-01-08 19:51:49,TQQQ,Sell,615,53.88,33136.20,306f17d1-e1ef-444d-a411-b0709b45d21e,Filled
2026-01-08 19:52:01,TQQQ,Buy,615,53.9,33148.5,71eec69c-ad06-4f42-8de7-41e95129aa75,Filled
2026-01-08 19:53:40,TQQQ,Sell,615,53.947967,33177.999705,fea0f59f-7d2b-4bb5-9434-2caf7fe57346,Filled
2026-01-08 19:54:07,SQQQ,Buy,496,66.91,33187.36,2f887c08-a034-4852-be2d-dc118d7d9332,Filled
2026-01-08 19:55:00,SQQQ,Sell,496,66.94,33202.24,343a00b0-54e3-47a8-a960-0379743b7191,Filled
2026-01-08 19:55:05,SQQQ,Buy,496,66.99,33227.04,189315a6-e85b-447c-bdc4-cff385925aab,Filled
2026-01-08 19:56:32,SQQQ,Sell,496,67.04,33251.84,84e9d47e-f31e-4a3e-97c5-65cce05e6a00,Filled
2026-01-08 19:58:34,TQQQ,Buy,618,53.868576,33290.779968,9c52ce26-78ce-4676-9487-effbbf35e965,Filled
2026-01-08 20:00:28,TQQQ,Sell,618,53.85,33279.30,2858f3b9-19d0-44ad-a8f0-cf9771ea6cb4,Filled
2026-01-08 20:00:38,SQQQ,Buy,497,67,33299,fdc8c0b4-3d39-4aa9-a2b0-11d3cefbe6d7,Filled
2026-01-08 20:01:30,SQQQ,Sell,497,66.96,33279.12,ff0dbab5-bfff-4ab9-857f-a3acb8b13969,Filled
2026-01-08 20:02:24,TQQQ,Buy,618,53.9,33310.2,786e233b-8dfe-454d-9ef5-5e26470ea92c,Filled
2026-01-08 20:04:11,TQQQ,Sell,618,53.91,33316.38,e522064d-238b-4d4f-91fd-7f50cf3050ee,Filled
2026-01-08 20:05:45,SQQQ,Buy,497,66.970946,33284.560162,dca90abf-ddea-465d-a5b5-d7477616c406,Filled
2026-01-08 20:07:07,SQQQ,Sell,497,66.999899,33298.949803,91aeae2e-8f8e-4dea-8cb9-d7fd53e0946d,Filled
2026-01-08 20:08:20,TQQQ,Buy,618,53.89,33304.02,d92577a6-7b42-4139-830e-47bb7d357b15,Filled
2026-01-08 20:08:56,TQQQ,Sell,618,53.87,33291.66,d9f959ae-71c4-4c90-8550-a651c74fae86,Filled
2026-01-08 20:08:58,SQQQ,Buy,497,66.97,33284.09,9475b510-ed10-4f42-82fd-8dc4d27ee56f,Filled
2026-01-08 20:09:08,SQQQ,Sell,497,66.93,33264.21,81cab2ff-fb8d-4e5c-8255-644e4eef967c,Filled
2026-01-08 20:09:10,TQQQ,Buy,618,53.9,33310.2,1ff367fe-6876-49d3-91c8-112b0b11e83b,Filled
2026-01-08 20:09:47,TQQQ,Sell,618,53.9,33310.2,4f88cb70-eed8-462c-b1af-6024750ffeb2,Filled
2026-01-08 20:10:00,TQQQ,Buy,618,53.92,33322.56,b95383ba-6124-457d-9522-bbc02c6a5203,Filled
2026-01-08 20:11:27,TQQQ,Sell,618,53.97,33353.46,9024a82e-9f74-40f7-8d18-cfa94afd3148,Filled
2026-01-08 20:11:28,SQQQ,Buy,499,66.86,33363.14,3561401d-5162-4302-966b-7a9e9a5d0de5,Filled
2026-01-08 20:12:52,SQQQ,Sell,499,66.85,33358.15,e6bd5844-2818-461d-a245-4bc86c047bf6,Filled
2026-01-08 20:12:59,TQQQ,Buy,619,53.96992,33407.38048,bc3332fa-0586-421e-a35b-956a28db2512,Filled
2026-01-08 20:14:41,TQQQ,Sell,619,54,33426,4edbb805-f0bc-4cd2-b492-bb4e33a261ca,Filled
2026-01-08 20:15:09,TQQQ,Buy,619,54.04,33450.76,d8beb56c-99b4-44b0-bc02-d2d54ca6cf4a,Filled
2026-01-08 20:15:51,TQQQ,Sell,619,54.018321,33437.340699,946a4a39-d31c-48fa-aaf8-88443d4a6d51,Filled
2026-01-08 20:16:51,SQQQ,Buy,501,66.849182,33491.440182,c5a2c47f-cd4c-4817-a70c-37d0b490881a,Filled
2026-01-08 20:18:11,SQQQ,Sell,501,66.86,33496.86,5744f737-38e2-43e2-9782-63fb243a5ff3,Filled
2026-01-08 20:18:45,TQQQ,Buy,620,53.98,33467.60,d8d40639-85bb-40c1-b532-d972a2274960,Filled
2026-01-08 20:19:37,TQQQ,Sell,620,53.93,33436.60,e07f7d4c-8542-4773-9ed5-1befd56a52bc,Filled
2026-01-08 20:19:43,SQQQ,Buy,499,66.9,33383.1,f4ac892d-1c54-437c-98ad-58e9f82a3edd,Filled
2026-01-08 20:20:29,SQQQ,Sell,499,66.87,33368.13,d75fc29e-3eec-4172-8010-faacbcb80d2a,Filled
2026-01-08 20:21:04,TQQQ,Buy,619,53.970081,33407.480139,77890f53-9835-4f60-87fd-128e65b4fa68,Filled
2026-01-08 20:21:38,TQQQ,Sell,619,53.92,33376.48,3d77c694-1358-48de-a737-ac9d3465d786,Filled
2026-01-08 20:21:45,SQQQ,Buy,499,66.92,33393.08,356172fe-19b3-4c39-807e-cf4d609a2496,Filled
2026-01-08 20:22:32,SQQQ,Sell,499,66.876493,33371.370007,252405af-8c99-4908-acd8-c28c1807b86c,Filled
2026-01-08 20:22:33,TQQQ,Buy,619,53.95,33395.05,c49c6486-4835-4964-81c5-3ca31552b073,Filled
2026-01-08 20:24:52,TQQQ,Sell,619,54,33426,318b5e0d-b39c-4203-be56-f32b5366fb9c,Filled
2026-01-08 20:25:04,TQQQ,Buy,619,54.05,33456.95,6135d0df-4e49-4cdf-b145-569950966c8e,Filled
2026-01-08 20:26:28,TQQQ,Sell,619,54.06433,33465.82027,f6d5ddeb-467e-4420-93a7-d47d7dc79d96,Filled
2026-01-08 20:27:05,TQQQ,Buy,619,54.13,33506.47,7c969c46-dfc6-438f-a623-6a99b63f6914,Filled
2026-01-08 20:29:08,TQQQ,Sell,619,54.14,33512.66,1366a127-6f05-46a7-8289-0a8dad376c78,Filled
2026-01-08 20:29:38,SQQQ,Buy,503,66.67,33535.01,d617800b-4cbf-4b2b-913a-a46995ca6a30,Filled
2026-01-08 20:30:06,SQQQ,Sell,503,66.58,33489.74,fca25825-9418-4a7d-9316-c0c2dce05b28,Filled
2026-01-08 20:30:09,TQQQ,Buy,618,54.2,33495.6,2fced9de-cd5f-4bba-8db1-3142308b4850,Filled
2026-01-08 20:31:12,TQQQ,Sell,618,54.17,33477.06,81104c8a-9ee3-459d-b4ba-7a52d87ed058,Filled
2026-01-08 20:31:14,SQQQ,Buy,503,66.62,33509.86,2245e44d-03bd-47d2-8ff5-2f9ec19a5c15,Filled
2026-01-08 20:31:45,SQQQ,Sell,503,66.57,33484.71,625b0d74-71e1-451d-8aad-464518a0cdde,Filled
2026-01-08 20:31:47,TQQQ,Buy,619,54.21,33555.99,23f18a23-193d-40c5-8cbf-261532632c67,Filled
2026-01-08 20:32:29,TQQQ,Sell,619,54.17,33531.23,d7112aa7-faca-489c-8d26-83441261a68c,Filled
2026-01-08 20:32:42,SQQQ,Buy,503,66.610338,33505.000014,632b4d3c-0bab-4e40-b1ef-7b95ee611fa6,Filled
2026-01-08 20:33:37,SQQQ,Sell,503,66.59,33494.77,12cc23cb-a9f0-4f54-8d64-57446d4b39d8,Filled
2026-01-08 20:33:39,TQQQ,Buy,620,54.2,33604.0,1c8af2bc-5746-4253-9176-d97f113b9968,Filled
2026-01-08 20:36:13,TQQQ,Sell,620,54.28,33653.60,5f284d92-9ff9-4ebf-b91a-b89277416d9b,Filled
2026-01-08 20:36:26,TQQQ,Buy,620,54.29,33659.80,ed4d63c1-b071-4e8d-958f-3ec5b7ae629c,Filled
2026-01-08 20:37:12,TQQQ,Sell,620,54.25,33635.00,5fc29907-4b8c-41bf-ab62-403171284af3,Filled
2026-01-08 20:37:16,SQQQ,Buy,506,66.51,33654.06,8127ab61-9718-4fe5-b69e-cb9fcc1816a5,Filled
2026-01-08 20:38:26,SQQQ,Sell,506,66.497569,33647.769914,15ae1c93-334e-42a8-9d12-7dc499316955,Filled
2026-01-08 20:39:14,SQQQ,Buy,505,66.57,33617.85,f463c99d-47a0-4ca2-9ce2-ec1ba3ab41b5,Filled
2026-01-08 20:40:41,SQQQ,Sell,505,66.59,33627.95,b10b365a-2099-428a-b045-bad7e90ab4fc,Filled
2026-01-08 20:40:48,SQQQ,Buy,505,66.63,33648.15,231436e5-8cc6-46ea-a40d-650eabb227fd,Filled
2026-01-08 20:42:26,SQQQ,Sell,505,66.66,33663.30,32661ec6-f167-4db9-b219-ac8befb69fd4,Filled
2026-01-08 20:42:54,SQQQ,Buy,505,66.69,33678.45,551a7e8f-b92e-4cc2-8628-624be7efc46a,Filled
2026-01-08 20:43:30,SQQQ,Sell,505,66.69,33678.45,e7edb9fb-7efa-476c-a218-ecbf583af96c,Filled
2026-01-08 20:44:13,TQQQ,Buy,623,54.137657,33727.760311,2bd38dc4-46fb-4cf7-ae7e-998a289ebccd,Filled
2026-01-08 20:45:56,TQQQ,Sell,623,54.17,33747.91,72eb177c-f484-420d-9e42-ef26e50b22f1,Filled
2026-01-08 20:46:18,TQQQ,Buy,622,54.19,33706.18,def0b972-3754-4a33-be5d-8875d23a8dea,Filled
2026-01-08 20:47:06,TQQQ,Sell,622,54.17,33693.74,1e7086dd-d43f-4682-9ba6-b084b25edfa9,Filled
2026-01-08 20:47:12,SQQQ,Buy,506,66.61083,33705.07998,d0a74bfc-9d57-4d54-9556-da0c1b9e23d9,Filled
2026-01-08 20:47:48,SQQQ,Sell,506,66.59,33694.54,403fafd9-94ce-4b9f-86ca-c7d3e36a55d9,Filled
2026-01-08 20:48:00,TQQQ,Buy,622,54.211704,33719.679888,497a9be4-225c-4ad8-9136-bad488abbdb6,Filled
2026-01-08 20:49:58,TQQQ,Sell,622,54.21,33718.62,56e79007-66f8-4979-9841-2f3521d40721,Filled
2026-01-08 20:50:04,SQQQ,Buy,506,66.63,33714.78,a9a56f5a-d15a-4de7-8d9a-4917b2943d4c,Filled
2026-01-08 20:51:21,SQQQ,Sell,506,66.64,33719.84,4cf52246-1c0d-4e7a-91bf-0f1262abc83c,Filled
2026-01-08 20:52:14,SQQQ,Buy,506,66.677095,33738.610070,592d22c9-1ae8-4243-90c2-c6fe429b21fd,Filled
2026-01-08 20:52:30,SQQQ,Sell,506,66.62,33709.72,1a3167d7-cfc3-492c-97fe-fc27a5e36a60,Filled
2026-01-08 20:52:32,TQQQ,Buy,623,54.17,33747.91,8e993ef7-72f4-4486-b6fe-efbbc4672a2f,Filled
2026-01-08 20:54:35,TQQQ,Sell,623,54.23,33785.29,79550951-5a58-42fe-a8d0-e4d3785d13be,Filled
2026-01-08 20:56:31,TQQQ,Buy,622,54.28,33762.16,bc0f4608-e9e0-4926-bfb1-634d4899b9f2,Filled
2026-01-08 20:57:11,TQQQ,Sell,622,54.24,33737.28,98fe6fb9-b525-47e8-b11d-0721703ca5b3,Filled
2026-01-08 20:57:13,SQQQ,Buy,508,66.52,33792.16,a460bf4e-38ed-4c36-8030-f855d241a644,Filled
2026-01-08 20:58:06,SQQQ,Sell,508,66.55,33807.40,2a55d717-b9bb-4fbb-8fdb-2e28c6eae2b0,Filled
